{"schemaVersion":27,"addons":[{"id":"cehomepage@mozillaonline.com","syncGUID":"{470f037f-fd46-45f9-a119-1f57ddff8e89}","version":"3.62","type":"webextension","updateURL":"https://addons.firefox.com.cn/chinaedition/addons/updates.json?reqVersion=%REQ_VERSION%&id=%ITEM_ID%&version=%ITEM_VERSION%&maxAppVersion=%ITEM_MAXAPPVERSION%&status=%ITEM_STATUS%&appID=%APP_ID%&appVersion=%APP_VERSION%&appOS=%APP_OS%&appABI=%APP_ABI%&locale=%APP_LOCALE%&currentAppVersion=%CURRENT_APP_VERSION%&updateType=%UPDATE_TYPE%&compatMode=%COMPATIBILITY_MODE%","optionsURL":null,"optionsType":null,"optionsBrowserStyle":true,"aboutURL":null,"defaultLocale":{"name":"Firefox Homepage","description":"Customizied Home Page for Firefox","creator":null,"homepageURL":"http://www.firefox.com.cn/","developers":null,"translators":null,"contributors":null},"visible":true,"active":true,"userDisabled":false,"appDisabled":false,"installDate":1542013365975,"updateDate":1542013365975,"applyBackgroundUpdates":1,"path":"D:\\SeleniumFirefox\\extensions\\cehomepage@mozillaonline.com.xpi","skinnable":false,"sourceURI":null,"releaseNotesURI":null,"softDisabled":false,"foreignInstall":false,"strictCompatibility":true,"locales":[{"name":"Firefox Homepage","description":"Customizied Home Page for Firefox","creator":null,"homepageURL":"http://www.firefox.com.cn/","developers":null,"translators":null,"contributors":null,"locales":["en-US"]},{"name":"火狐主页","description":"火狐定制主页，包括最近访问页面、最常访问页面以及新标签页等","creator":null,"homepageURL":"http://www.firefox.com.cn/","developers":null,"translators":null,"contributors":null,"locales":["zh-CN"]}],"targetApplications":[{"id":"toolkit@mozilla.org","minVersion":"60.0","maxVersion":null}],"targetPlatforms":[],"signedState":4,"seen":true,"dependencies":[],"hasEmbeddedWebExtension":false,"userPermissions":{"permissions":["storage"],"origins":[]},"icons":{"48":"icons/icon-48.png","64":"icons/icon-64.png"},"iconURL":null,"icon64URL":null,"blocklistState":0,"blocklistURL":null,"startupData":null,"hidden":false,"location":"app-profile"},{"id":"coba@mozilla.com.cn","syncGUID":"{41a279b6-fcde-4596-a511-0605e153399d}","version":"4.57","type":"webextension","updateURL":"https://addons.firefox.com.cn/chinaedition/addons/updates.json","optionsURL":null,"optionsType":null,"optionsBrowserStyle":true,"aboutURL":null,"defaultLocale":{"name":"COBA","description":"China Online Banking Assistant","creator":null,"homepageURL":"http://www.firefox.com.cn/","developers":null,"translators":null,"contributors":null},"visible":true,"active":true,"userDisabled":false,"appDisabled":false,"installDate":1542013365989,"updateDate":1542013365989,"applyBackgroundUpdates":1,"path":"D:\\SeleniumFirefox\\extensions\\coba@mozilla.com.cn.xpi","skinnable":false,"sourceURI":null,"releaseNotesURI":null,"softDisabled":false,"foreignInstall":false,"strictCompatibility":true,"locales":[{"name":"COBA","description":"China Online Banking Assistant","creator":null,"homepageURL":"http://www.firefox.com.cn/","developers":null,"translators":null,"contributors":null,"locales":["en-US"]},{"name":"网银支付助手","description":"为火狐用户提供支付帮助","creator":null,"homepageURL":"http://www.firefox.com.cn/","developers":null,"translators":null,"contributors":null,"locales":["zh-CN"]}],"targetApplications":[{"id":"toolkit@mozilla.org","minVersion":"54.0","maxVersion":null}],"targetPlatforms":[],"signedState":2,"seen":true,"dependencies":[],"hasEmbeddedWebExtension":false,"userPermissions":{"permissions":["downloads","nativeMessaging","storage","webRequest","webRequestBlocking"],"origins":["<all_urls>"]},"icons":{"48":"icons/icon-48.png","64":"icons/icon-64.png"},"iconURL":null,"icon64URL":null,"blocklistState":0,"blocklistURL":null,"startupData":null,"hidden":false,"location":"app-profile"},{"id":"cpmanager@mozillaonline.com","syncGUID":"{1e43d002-6929-47df-a19d-1bfa5a3afac6}","version":"3.61.1","type":"extension","updateURL":"https://addons.firefox.com.cn/chinaedition/addons/updates.json?reqVersion=%REQ_VERSION%&id=%ITEM_ID%&version=%ITEM_VERSION%&maxAppVersion=%ITEM_MAXAPPVERSION%&status=%ITEM_STATUS%&appID=%APP_ID%&appVersion=%APP_VERSION%&appOS=%APP_OS%&appABI=%APP_ABI%&locale=%APP_LOCALE%&currentAppVersion=%CURRENT_APP_VERSION%&updateType=%UPDATE_TYPE%&compatMode=%COMPATIBILITY_MODE%","optionsURL":"options.html","optionsType":5,"defaultLocale":{"name":"Addons Manager","description":"To manage the addons package in Firefox.","creator":"Mozilla Online Limited","homepageURL":"http://www.firefox.com.cn/","contributors":["Conchshell","Ray Cheung","Xuan Xie","Jiao Feng","Rui You"]},"visible":true,"active":true,"userDisabled":false,"appDisabled":false,"installDate":1542013366011,"updateDate":1542013366011,"applyBackgroundUpdates":1,"path":"D:\\SeleniumFirefox\\extensions\\cpmanager@mozillaonline.com.xpi","skinnable":false,"sourceURI":null,"releaseNotesURI":null,"softDisabled":false,"foreignInstall":false,"strictCompatibility":false,"locales":[{"locales":["zh-CN"],"name":"附加组件管理器","description":"用来管理火狐的附加组件系统。","creator":"Mozilla Online Limited","homepageURL":"http://www.firefox.com.cn/"}],"targetApplications":[{"id":"{ec8030f7-c20a-464f-9b0e-13a3a9e97384}","minVersion":"56.0","maxVersion":"61.*"}],"targetPlatforms":[],"signedState":4,"seen":true,"dependencies":[],"hasEmbeddedWebExtension":true,"userPermissions":null,"icons":{},"blocklistState":0,"blocklistURL":null,"startupData":null,"hidden":false,"location":"app-profile"},{"id":"easyscreenshot@mozillaonline.com","syncGUID":"{b0795aa2-6fe7-4fe9-8d62-0070cafc89ac}","version":"3.57","type":"webextension","updateURL":null,"optionsURL":null,"optionsType":null,"optionsBrowserStyle":true,"aboutURL":null,"defaultLocale":{"name":"Easy Screenshot","description":"You can capture a screen shot by selecting an area or capture the whole/visible webpage. Then edit and save it as an image file.","creator":null,"homepageURL":"http://www.firefox.com.cn/","developers":null,"translators":null,"contributors":null},"visible":true,"active":true,"userDisabled":false,"appDisabled":false,"installDate":1542013366031,"updateDate":1542013366031,"applyBackgroundUpdates":1,"path":"D:\\SeleniumFirefox\\extensions\\easyscreenshot@mozillaonline.com.xpi","skinnable":false,"sourceURI":null,"releaseNotesURI":null,"softDisabled":false,"foreignInstall":false,"strictCompatibility":true,"locales":[{"name":"Easy Screenshot","description":"You can capture a screen shot by selecting an area or capture the whole/visible webpage. Then edit and save it as an image file.","creator":null,"homepageURL":"http://www.firefox.com.cn/","developers":null,"translators":null,"contributors":null,"locales":["en-US"]},{"name":"网页截图","description":"方便的截图工具，支持任意选定区域截图、全网页截图等多种截图方式，并提供必要的图片编辑功能。","creator":null,"homepageURL":"http://www.firefox.com.cn/","developers":null,"translators":null,"contributors":null,"locales":["zh-CN"]},{"name":"Easy Screenshot","description":"Вы можете сделать снимок экрана, выбрав область или захватить всю / видимую веб-страницу. Затем отредактировать и сохранить его в виде файла изображения.","creator":null,"homepageURL":"http://www.firefox.com.cn/","developers":null,"translators":null,"contributors":null,"locales":["ru-RU"]}],"targetApplications":[{"id":"toolkit@mozilla.org","minVersion":"57.0","maxVersion":null}],"targetPlatforms":[],"signedState":2,"seen":true,"dependencies":[],"hasEmbeddedWebExtension":false,"userPermissions":{"permissions":["clipboardWrite","downloads","notifications","storage"],"origins":["<all_urls>","*://*/*"]},"icons":{"48":"icons/icon-48.png","64":"icons/icon-64.png"},"iconURL":null,"icon64URL":null,"blocklistState":0,"blocklistURL":null,"startupData":null,"hidden":false,"location":"app-profile"},{"id":"tabtweak@mozillaonline.com","syncGUID":"{27f0fc21-f41c-411e-9ff2-bae715b37c65}","version":"5.61","type":"webextension","updateURL":"https://addons.firefox.com.cn/chinaedition/addons/updates.json?reqVersion=%REQ_VERSION%&id=%ITEM_ID%&version=%ITEM_VERSION%&maxAppVersion=%ITEM_MAXAPPVERSION%&status=%ITEM_STATUS%&appID=%APP_ID%&appVersion=%APP_VERSION%&appOS=%APP_OS%&appABI=%APP_ABI%&locale=%APP_LOCALE%&currentAppVersion=%CURRENT_APP_VERSION%&updateType=%UPDATE_TYPE%&compatMode=%COMPATIBILITY_MODE%","optionsURL":"options.html","optionsType":5,"optionsBrowserStyle":true,"aboutURL":null,"defaultLocale":{"name":"Tab Tweak","description":"Tweak tab browsing by setting default behaviors.","creator":null,"homepageURL":"http://www.firefox.com.cn/","developers":null,"translators":null,"contributors":null},"visible":true,"active":true,"userDisabled":false,"appDisabled":false,"installDate":1542013366043,"updateDate":1542013366043,"applyBackgroundUpdates":1,"path":"D:\\SeleniumFirefox\\extensions\\tabtweak@mozillaonline.com.xpi","skinnable":false,"sourceURI":null,"releaseNotesURI":null,"softDisabled":false,"foreignInstall":false,"strictCompatibility":true,"locales":[{"name":"Tab Tweak","description":"Tweak tab browsing by setting default behaviors.","creator":null,"homepageURL":"http://www.firefox.com.cn/","developers":null,"translators":null,"contributors":null,"locales":["en-US"]},{"name":"标签页优化","description":"设置打开链接和关闭标签的默认行为，方便使用。","creator":null,"homepageURL":"http://www.firefox.com.cn/","developers":null,"translators":null,"contributors":null,"locales":["zh-CN"]}],"targetApplications":[{"id":"toolkit@mozilla.org","minVersion":"61.0a1","maxVersion":null}],"targetPlatforms":[],"signedState":4,"seen":true,"dependencies":[],"hasEmbeddedWebExtension":false,"userPermissions":{"permissions":["browserSettings"],"origins":[]},"icons":{"48":"icons/icon-48.png","64":"icons/icon-64.png"},"iconURL":null,"icon64URL":null,"blocklistState":0,"blocklistURL":null,"startupData":null,"hidden":false,"location":"app-profile"},{"id":"wx-assistant@mozillaonline.com","syncGUID":"{202d09fa-00a5-4f10-9840-8e757f3160ea}","version":"2.59","type":"webextension","updateURL":"https://addons.firefox.com.cn/chinaedition/addons/updates.json","optionsURL":null,"optionsType":null,"optionsBrowserStyle":true,"aboutURL":null,"defaultLocale":{"name":"WeChat Helper by MoCoCN","description":"Access Web WeChat by one click","creator":null,"homepageURL":"http://www.firefox.com.cn/","developers":null,"translators":null,"contributors":null},"visible":true,"active":true,"userDisabled":false,"appDisabled":false,"installDate":1542013366056,"updateDate":1542013366056,"applyBackgroundUpdates":1,"path":"D:\\SeleniumFirefox\\extensions\\wx-assistant@mozillaonline.com.xpi","skinnable":false,"sourceURI":null,"releaseNotesURI":null,"softDisabled":false,"foreignInstall":false,"strictCompatibility":true,"locales":[{"name":"WeChat Helper by MoCoCN","description":"Access Web WeChat by one click","creator":null,"homepageURL":"http://www.firefox.com.cn/","developers":null,"translators":null,"contributors":null,"locales":["en-US"]},{"name":"微信网页版助手","description":"一键打开微信网页版，同时在微信有新消息时给出及时的消息提醒","creator":null,"homepageURL":"http://www.firefox.com.cn/","developers":null,"translators":null,"contributors":null,"locales":["zh-CN"]}],"targetApplications":[{"id":"toolkit@mozilla.org","minVersion":"48.0","maxVersion":null}],"targetPlatforms":[],"signedState":2,"seen":true,"dependencies":[],"hasEmbeddedWebExtension":false,"userPermissions":{"permissions":["webRequest","webRequestBlocking"],"origins":["https://file.wx.qq.com/*","https://wx.qq.com/*"]},"icons":{"32":"icons/icon-32.png","64":"icons/icon-64.png"},"iconURL":null,"icon64URL":null,"blocklistState":0,"blocklistURL":null,"startupData":null,"hidden":false,"location":"app-profile"},{"id":"aushelper@mozilla.org","syncGUID":"{232f7d1a-9269-45b0-86de-9533c5da1cea}","version":"2.0","type":"extension","defaultLocale":{"name":"Application Update Service Helper","description":"Sets value(s) in the update url based on custom checks."},"visible":true,"active":true,"userDisabled":false,"appDisabled":false,"installDate":1542005153822,"updateDate":1542005153822,"applyBackgroundUpdates":1,"path":"C:\\Program Files\\Mozilla Firefox\\browser\\features\\aushelper@mozilla.org.xpi","skinnable":false,"sourceURI":null,"releaseNotesURI":null,"softDisabled":false,"foreignInstall":false,"strictCompatibility":false,"locales":[],"targetApplications":[{"id":"{ec8030f7-c20a-464f-9b0e-13a3a9e97384}","minVersion":"63.0.1","maxVersion":"63.*"}],"targetPlatforms":[],"seen":true,"dependencies":[],"hasEmbeddedWebExtension":false,"userPermissions":null,"icons":{},"blocklistState":0,"blocklistURL":null,"startupData":null,"hidden":true,"location":"app-system-defaults"},{"id":"firefox@getpocket.com","syncGUID":"{a26c47c7-52e2-44cb-94ba-9bad071e7e3c}","version":"1.0.5","type":"extension","defaultLocale":{"name":"Pocket","description":"When you find something you want to view later, put it in Pocket."},"visible":true,"active":true,"userDisabled":false,"appDisabled":false,"installDate":1542005153817,"updateDate":1542005153817,"applyBackgroundUpdates":1,"path":"C:\\Program Files\\Mozilla Firefox\\browser\\features\\firefox@getpocket.com.xpi","skinnable":false,"sourceURI":null,"releaseNotesURI":null,"softDisabled":false,"foreignInstall":false,"strictCompatibility":false,"locales":[],"targetApplications":[{"id":"{ec8030f7-c20a-464f-9b0e-13a3a9e97384}","minVersion":"63.0.1","maxVersion":"63.*"}],"targetPlatforms":[],"seen":true,"dependencies":[],"hasEmbeddedWebExtension":false,"userPermissions":null,"icons":{},"blocklistState":0,"blocklistURL":null,"startupData":null,"hidden":true,"location":"app-system-defaults"},{"id":"formautofill@mozilla.org","syncGUID":"{5eafa520-f58a-4a27-9874-9d652629bbe5}","version":"1.0","type":"webextension","updateURL":null,"optionsURL":null,"optionsType":null,"optionsBrowserStyle":true,"aboutURL":null,"defaultLocale":{"name":"Form Autofill","creator":null,"developers":null,"translators":null,"contributors":null},"visible":true,"active":true,"userDisabled":false,"appDisabled":false,"installDate":1542005153807,"updateDate":1542005153807,"applyBackgroundUpdates":1,"path":"C:\\Program Files\\Mozilla Firefox\\browser\\features\\formautofill@mozilla.org.xpi","skinnable":false,"sourceURI":null,"releaseNotesURI":null,"softDisabled":false,"foreignInstall":false,"strictCompatibility":true,"locales":[],"targetApplications":[{"id":"toolkit@mozilla.org","minVersion":null,"maxVersion":null}],"targetPlatforms":[],"seen":true,"dependencies":[],"hasEmbeddedWebExtension":false,"userPermissions":{"permissions":[],"origins":[]},"icons":{},"iconURL":null,"icon64URL":null,"blocklistState":0,"blocklistURL":null,"startupData":null,"hidden":true,"location":"app-system-defaults"},{"id":"onboarding@mozilla.org","syncGUID":"{c6eb95ef-226b-4478-ac25-679419eadb4c}","version":"1.0","type":"extension","defaultLocale":{"name":"Photon onboarding","description":"Photon onboarding"},"visible":true,"active":true,"userDisabled":false,"appDisabled":false,"installDate":1542005153800,"updateDate":1542005153800,"applyBackgroundUpdates":1,"path":"C:\\Program Files\\Mozilla Firefox\\browser\\features\\onboarding@mozilla.org.xpi","skinnable":false,"sourceURI":null,"releaseNotesURI":null,"softDisabled":false,"foreignInstall":false,"strictCompatibility":false,"locales":[],"targetApplications":[{"id":"{ec8030f7-c20a-464f-9b0e-13a3a9e97384}","minVersion":"63.0.1","maxVersion":"63.*"}],"targetPlatforms":[],"seen":true,"dependencies":[],"hasEmbeddedWebExtension":false,"userPermissions":null,"icons":{},"blocklistState":0,"blocklistURL":null,"startupData":null,"hidden":true,"location":"app-system-defaults"},{"id":"screenshots@mozilla.org","syncGUID":"{5f72d289-8d60-4e95-969c-02f9208f9ee0}","version":"33.0.0","type":"extension","defaultLocale":{"name":"Firefox Screenshots","homepageURL":"https://screenshots.firefox.com/"},"visible":true,"active":true,"userDisabled":false,"appDisabled":false,"installDate":1542005153792,"updateDate":1542005153792,"applyBackgroundUpdates":1,"path":"C:\\Program Files\\Mozilla Firefox\\browser\\features\\screenshots@mozilla.org.xpi","skinnable":false,"sourceURI":null,"releaseNotesURI":null,"softDisabled":false,"foreignInstall":false,"strictCompatibility":false,"locales":[],"targetApplications":[{"id":"{ec8030f7-c20a-464f-9b0e-13a3a9e97384}","minVersion":"57.0a1","maxVersion":"*"}],"targetPlatforms":[],"seen":true,"dependencies":[],"hasEmbeddedWebExtension":false,"userPermissions":null,"icons":{},"blocklistState":0,"blocklistURL":null,"startupData":null,"hidden":true,"location":"app-system-defaults"},{"id":"webcompat-reporter@mozilla.org","syncGUID":"{fb7201f9-bd07-42a5-8076-328742570e9c}","version":"1.0.0","type":"extension","defaultLocale":{"name":"WebCompat Reporter","description":"Report site compatibility issues on webcompat.com."},"visible":true,"active":true,"userDisabled":false,"appDisabled":false,"installDate":1542005153781,"updateDate":1542005153781,"applyBackgroundUpdates":1,"path":"C:\\Program Files\\Mozilla Firefox\\browser\\features\\webcompat-reporter@mozilla.org.xpi","skinnable":false,"sourceURI":null,"releaseNotesURI":null,"softDisabled":false,"foreignInstall":false,"strictCompatibility":false,"locales":[],"targetApplications":[{"id":"{ec8030f7-c20a-464f-9b0e-13a3a9e97384}","minVersion":"63.0.1","maxVersion":"63.*"}],"targetPlatforms":[],"seen":true,"dependencies":[],"hasEmbeddedWebExtension":false,"userPermissions":null,"icons":{},"blocklistState":0,"blocklistURL":null,"startupData":null,"hidden":true,"location":"app-system-defaults"},{"id":"webcompat@mozilla.org","syncGUID":"{7f8df498-513a-4547-885b-2844215ba8c8}","version":"2.0.1","type":"extension","defaultLocale":{"name":"Web Compat","description":"Urgent post-release fixes for web compatibility."},"visible":true,"active":true,"userDisabled":false,"appDisabled":false,"installDate":1542005153777,"updateDate":1542005153777,"applyBackgroundUpdates":1,"path":"C:\\Program Files\\Mozilla Firefox\\browser\\features\\webcompat@mozilla.org.xpi","skinnable":false,"sourceURI":null,"releaseNotesURI":null,"softDisabled":false,"foreignInstall":false,"strictCompatibility":false,"locales":[],"targetApplications":[{"id":"{ec8030f7-c20a-464f-9b0e-13a3a9e97384}","minVersion":"63.0.1","maxVersion":"63.*"},{"id":"{aa3c5121-dab2-40e2-81ca-7ea25febc110}","minVersion":"63.0.1","maxVersion":"63.*"}],"targetPlatforms":[],"seen":true,"dependencies":[],"hasEmbeddedWebExtension":true,"userPermissions":null,"icons":{},"blocklistState":0,"blocklistURL":null,"startupData":null,"hidden":true,"location":"app-system-defaults"}]}