{"defaultHandlersVersion":{"zh-CN":4},"mimeTypes":{"application/pdf":{"action":3,"extensions":["pdf"]}},"schemes":{"ircs":{"action":2,"ask":true,"handlers":[null,{"name":"Mibbit","uriTemplate":"https://www.mibbit.com/?url=%s"}]},"mailto":{"action":4,"handlers":[null,{"name":"Yahoo! 邮件","uriTemplate":"https://compose.mail.yahoo.com/?To=%s"},{"name":"Gmail","uriTemplate":"https://mail.google.com/mail/?extsrc=mailto&url=%s"}]},"irc":{"action":2,"ask":true,"handlers":[null,{"name":"Mibbit","uriTemplate":"https://www.mibbit.com/?url=%s"}]}}}